Number,Dihedral Angle (deg),Energy (kJ/mol),Energy (Ha),zmatrix,xyz
0,0,16.26060242851963,-154.91329525980711,"    units Angstrom
    0 1
    --
    0 1
    C           
    C                 1    1.3222961565
    C                 2    1.4797177213      1  127.1929742778
    C                 3    1.3222961565      2  127.1929742778      1    0.0001763191
    H                 1    1.0747925357      2  120.9511815011      3  179.9790588788
    H                 1    1.0754613888      2  122.7677834377      3    0.0154312793
    H                 2    1.0775973665      1  118.0507925241      3 -179.9975817668
    H                 3    1.0775973665      4  118.0507925241      2 -179.9975817668
    H                 4    1.0747925357      3  120.9511815011      2  179.9790588788
    H                 4    1.0754613888      3  122.7677834377      2    0.0154312793

","0 1
 C    1.539188789021    0.000001620758   -0.510203854829
 C    0.739858860659    0.000000000000    0.543142617629
 C   -0.739858860659    0.000000000000    0.543142617629
 C   -1.539188789021   -0.000001620758   -0.510203854829
 H    2.607609822155    0.000338332142   -0.393347629769
 H    1.170667273917    0.000246733992   -1.520554799585
 H    1.191111951036    0.000038632894    1.521706223704
 H   -1.191111951036   -0.000038632894    1.521706223704
 H   -2.607609822155   -0.000338332142   -0.393347629769
 H   -1.170667273917   -0.000246733992   -1.520554799585
"
1,5,16.118152421806695,-154.91334951619024,"    units Angstrom
    0 1
    --
    0 1
    C           
    C                 1    1.3222837163
    C                 2    1.4795979425      1  127.1360491954
    C                 3    1.3222837163      2  127.1360491954      1    5.0000000000
    H                 1    1.0747972759      2  120.9631488343      3 -179.5762856990
    H                 1    1.0754789447      2  122.7398497478      3    0.8183959753
    H                 2    1.0776284707      1  118.0776843376      3  179.7689475366
    H                 3    1.0776284707      4  118.0776843376      2  179.7689475366
    H                 4    1.0747972759      3  120.9631488343      2 -179.5762856990
    H                 4    1.0754789447      3  122.7398497478      2    0.8183959753

","0 1
 C    1.538074463574    0.045980513240   -0.510064318749
 C    0.739798971260    0.000000000000    0.543062576308
 C   -0.739798971260    0.000000000000    0.543062576308
 C   -1.538074463574   -0.045980513240   -0.510064318749
 H    2.606619903146    0.034130847072   -0.394914793223
 H    1.168124458195    0.102934463810   -1.518304469423
 H    1.191571819978   -0.046505621669    1.520314663092
 H   -1.191571819978    0.046505621669    1.520314663092
 H   -2.606619903146   -0.034130847072   -0.394914793223
 H   -1.168124458195   -0.102934463810   -1.518304469423
"
2,10,15.714823930609437,-154.91350313601552,"    units Angstrom
    0 1
    --
    0 1
    C           
    C                 1    1.3222560044
    C                 2    1.4792818799      1  126.9758348174
    C                 3    1.3222560044      2  126.9758348174      1   10.0000000000
    H                 1    1.0748182608      2  120.9991443465      3 -179.1717557544
    H                 1    1.0755077116      2  122.6598669653      3    1.5104951867
    H                 2    1.0777131721      1  118.1518225021      3  179.5993160583
    H                 3    1.0777131721      4  118.1518225021      2  179.5993160583
    H                 4    1.0748182608      3  120.9991443465      2 -179.1717557544
    H                 4    1.0755077116      3  122.6598669653      2    1.5104951867

","0 1
 C    1.534949016151    0.092065759402   -0.509575942006
 C    0.739640939964    0.000000000000    0.542740503247
 C   -0.739640939964    0.000000000000    0.542740503247
 C   -1.534949016151   -0.092065759402   -0.509575942006
 H    2.603848028577    0.069049939399   -0.399305968662
 H    1.160936654462    0.203704409601   -1.511757763227
 H    1.192906300203   -0.091835292020    1.516178982884
 H   -1.192906300203    0.091835292020    1.516178982884
 H   -2.603848028577   -0.069049939399   -0.399305968662
 H   -1.160936654462   -0.203704409601   -1.511757763227
"
3,15,15.117857639902857,-154.91373050863928,"    units Angstrom
    0 1
    --
    0 1
    C           
    C                 1    1.3222123616
    C                 2    1.4788439419      1  126.7349733926
    C                 3    1.3222123616      2  126.7349733926      1   15.0000000000
    H                 1    1.0748582823      2  121.0549613852      3 -178.8521274810
    H                 1    1.0755333930      2  122.5392930754      3    2.0211832925
    H                 2    1.0778367612      1  118.2625658407      3  179.5497639389
    H                 3    1.0778367612      4  118.2625658407      2  179.5497639389
    H                 4    1.0748582823      3  121.0549613852      2 -178.8521274810
    H                 4    1.0755333930      3  122.5392930754      2    2.0211832925

","0 1
 C    1.530256277369    0.138310139909   -0.508589587501
 C    0.739421970952    0.000000000000    0.541980226542
 C   -0.739421970952    0.000000000000    0.541980226542
 C   -1.530256277369   -0.138310139909   -0.508589587501
 H    2.599689087389    0.106150545804   -0.405635459774
 H    1.150082516419    0.301271152377   -1.501405632536
 H    1.194953933333   -0.134896058210    1.509464473675
 H   -1.194953933333    0.134896058210    1.509464473675
 H   -2.599689087389   -0.106150545804   -0.405635459774
 H   -1.150082516419   -0.301271152377   -1.501405632536
"
4,20,14.423361423408018,-154.91399502847798,"    units Angstrom
    0 1
    --
    0 1
    C           
    C                 1    1.3221442969
    C                 2    1.4783663694      1  126.4426394680
    C                 3    1.3221442969      2  126.4426394680      1   20.0000000000
    H                 1    1.0749191044      2  121.1226118996      3 -178.6609386602
    H                 1    1.0755596598      2  122.3948424995      3    2.3212311163
    H                 2    1.0779877118      1  118.3985768954      3  179.6540223644
    H                 3    1.0779877118      4  118.3985768954      2  179.6540223644
    H                 4    1.0749191044      3  121.1226118996      2 -178.6609386602
    H                 4    1.0755596598      3  122.3948424995      2    2.3212311163

","0 1
 C    1.524560330022    0.184692472896   -0.506919649427
 C    0.739183184698    0.000000000000    0.540523414330
 C   -0.739183184698    0.000000000000    0.540523414330
 C   -1.524560330022   -0.184692472896   -0.506919649427
 H    2.594646902106    0.146234405780   -0.412649896842
 H    1.136867086595    0.395013117919   -1.487882317954
 H    1.197452343254   -0.175069640252    1.500417943030
 H   -1.197452343254    0.175069640252    1.500417943030
 H   -2.594646902106   -0.146234405780   -0.412649896842
 H   -1.136867086595   -0.395013117919   -1.487882317954
"
5,25,13.73932795321292,-154.91425556326408,"    units Angstrom
    0 1
    --
    0 1
    C           
    C                 1    1.3220421002
    C                 2    1.4779338374      1  126.1273990936
    C                 3    1.3220421002      2  126.1273990936      1   25.0000000000
    H                 1    1.0749945252      2  121.1935945530      3 -178.6110424114
    H                 1    1.0755920907      2  122.2430488367      3    2.4037646504
    H                 2    1.0781545787      1  118.5478655070      3  179.9101103019
    H                 3    1.0781545787      4  118.5478655070      2  179.9101103019
    H                 4    1.0749945252      3  121.1935945530      2 -178.6110424114
    H                 4    1.0755920907      3  122.2430488367      2    2.4037646504

","0 1
 C    1.518420035687    0.231119420216   -0.504388257671
 C    0.738966918723    0.000000000000    0.538124076459
 C   -0.738966918723    0.000000000000    0.538124076459
 C   -1.518420035687   -0.231119420216   -0.504388257671
 H    2.589213178339    0.189381389618   -0.419105131150
 H    1.122598982040    0.484676427729   -1.471824500021
 H    1.200144580876   -0.212379898939    1.489243016416
 H   -1.200144580876    0.212379898939    1.489243016416
 H   -2.589213178339   -0.189381389618   -0.419105131150
 H   -1.122598982040   -0.484676427729   -1.471824500021
"
6,30,13.171081296695569,-154.9144719971486,"    units Angstrom
    0 1
    --
    0 1
    C           
    C                 1    1.3219421497
    C                 2    1.4776056059      1  125.8265903634
    C                 3    1.3219421497      2  125.8265903634      1   30.0000000000
    H                 1    1.0751263124      2  121.2591629787      3 -178.6133094745
    H                 1    1.0756356112      2  122.0990841009      3    2.2797064951
    H                 2    1.0783443587      1  118.6965948132      3 -179.7090154620
    H                 3    1.0783443587      4  118.6965948132      2 -179.7090154620
    H                 4    1.0751263124      3  121.2591629787      2 -178.6133094745
    H                 4    1.0756356112      3  122.0990841009      2    2.2797064951

","0 1
 C    1.512580513125    0.277407548452   -0.500779613611
 C    0.738802802954    0.000000000000    0.534519451616
 C   -0.738802802954    0.000000000000    0.534519451616
 C   -1.512580513125   -0.277407548452   -0.500779613611
 H    2.584074329909    0.233806502590   -0.423990701083
 H    1.108931645344    0.570296834196   -1.453814463964
 H    1.202638234692   -0.247314588818    1.476070694178
 H   -1.202638234692    0.247314588818    1.476070694178
 H   -2.584074329909   -0.233806502590   -0.423990701083
 H   -1.108931645344   -0.570296834196   -1.453814463964
"
7,35,12.807690211699462,-154.91461040560773,"    units Angstrom
    0 1
    --
    0 1
    C           
    C                 1    1.3217580385
    C                 2    1.4774702705      1  125.5315604235
    C                 3    1.3217580385      2  125.5315604235      1   35.0000000000
    H                 1    1.0752037932      2  121.3195506216      3 -178.8065131682
    H                 1    1.0756741786      2  121.9668510500      3    1.9846593670
    H                 2    1.0785137904      1  118.8402037359      3 -179.2340340015
    H                 3    1.0785137904      4  118.8402037359      2 -179.2340340015
    H                 4    1.0752037932      3  121.3195506216      2 -178.8065131682
    H                 4    1.0756741786      3  121.9668510500      2    1.9846593670

","0 1
 C    1.506876550241    0.323451419527   -0.496134660911
 C    0.738735135274    0.000000000000    0.529722180078
 C   -0.738735135274    0.000000000000    0.529722180078
 C   -1.506876550241   -0.323451419527   -0.496134660911
 H    2.579014166806    0.281492975534   -0.426682395735
 H    1.095651789134    0.652332506095   -1.434114599552
 H    1.205156140375   -0.280349264605    1.460876158711
 H   -1.205156140375    0.280349264605    1.460876158711
 H   -2.579014166806   -0.281492975534   -0.426682395735
 H   -1.095651789134   -0.652332506095   -1.434114599552
"
8,40,12.716784677016074,-154.91464502972346,"    units Angstrom
    0 1
    --
    0 1
    C           
    C                 1    1.3215281296
    C                 2    1.4775643855      1  125.2750665181
    C                 3    1.3215281296      2  125.2750665181      1   40.0000000000
    H                 1    1.0752825115      2  121.3739010671      3 -179.0843992730
    H                 1    1.0756959069      2  121.8529117914      3    1.5541801518
    H                 2    1.0786766793      1  118.9662013244      3 -178.6894219084
    H                 3    1.0786766793      4  118.9662013244      2 -178.6894219084
    H                 4    1.0752825115      3  121.3739010671      2 -179.0843992730
    H                 4    1.0756959069      3  121.8529117914      2    1.5541801518

","0 1
 C    1.501967872419    0.368999034795   -0.490283066956
 C    0.738782192729    0.000000000000    0.523533448945
 C   -0.738782192729    0.000000000000    0.523533448945
 C   -1.501967872419   -0.368999034795   -0.490283066956
 H    2.574663144728    0.330215327678   -0.426618663130
 H    1.084147171052    0.731202658212   -1.412972657655
 H    1.207354676478   -0.311937247751    1.443684718844
 H   -1.207354676478    0.311937247751    1.443684718844
 H   -2.574663144728   -0.330215327678   -0.426618663130
 H   -1.084147171052   -0.731202658212   -1.412972657655
"
9,45,12.938047255370028,-154.91456075519446,"    units Angstrom
    0 1
    --
    0 1
    C           
    C                 1    1.3212599841
    C                 2    1.4778918026      1  125.0680183946
    C                 3    1.3212599841      2  125.0680183946      1   45.0000000000
    H                 1    1.0753651566      2  121.4183855791      3 -179.4249552489
    H                 1    1.0757143782      2  121.7623860099      3    1.0333472047
    H                 2    1.0788392066      1  119.0709027393      3 -178.1122971163
    H                 3    1.0788392066      4  119.0709027393      2 -178.1122971163
    H                 4    1.0753651566      3  121.4183855791      2 -179.4249552489
    H                 4    1.0757143782      3  121.7623860099      2    1.0333472047

","0 1
 C    1.498073822333    0.413838603064   -0.483189274053
 C    0.738945901286    0.000000000000    0.515905494099
 C   -0.738945901286    0.000000000000    0.515905494099
 C   -1.498073822333   -0.413838603064   -0.483189274053
 H    2.571220267526    0.379143988289   -0.423496637419
 H    1.074951324211    0.807500265352   -1.390470526310
 H    1.209106613906   -0.342699565734    1.424420736526
 H   -1.209106613906    0.342699565734    1.424420736526
 H   -2.571220267526   -0.379143988289   -0.423496637419
 H   -1.074951324211   -0.807500265352   -1.390470526310
"
10,50,13.482820300916284,-154.91435326194292,"    units Angstrom
    0 1
    --
    0 1
    C           
    C                 1    1.3209562817
    C                 2    1.4784517944      1  124.9141999522
    C                 3    1.3209562817      2  124.9141999522      1   50.0000000000
    H                 1    1.0754477019      2  121.4517141845      3 -179.8041051179
    H                 1    1.0757325941      2  121.6967049974      3    0.4625736191
    H                 2    1.0790000567      1  119.1521476916      3 -177.5397517076
    H                 3    1.0790000567      4  119.1521476916      2 -177.5397517076
    H                 4    1.0754477019      3  121.4517141845      2 -179.8041051179
    H                 4    1.0757325941      3  121.6967049974      2    0.4625736191

","0 1
 C    1.495274061236    0.457779014886   -0.474858200344
 C    0.739225897214    0.000000000000    0.506852065143
 C   -0.739225897214    0.000000000000    0.506852065143
 C   -1.495274061236   -0.457779014886   -0.474858200344
 H    2.568754196273    0.427487698742   -0.417320426580
 H    1.068261500570    0.881736682806   -1.366553654400
 H    1.210392806843   -0.373215332281    1.402928613961
 H   -1.210392806843    0.373215332281    1.402928613961
 H   -2.568754196273   -0.427487698742   -0.417320426580
 H   -1.068261500570   -0.881736682806   -1.366553654400
"
11,55,14.335943336556253,-154.91402832429398,"    units Angstrom
    0 1
    --
    0 1
    C           
    C                 1    1.3206186424
    C                 2    1.4792289345      1  124.8115244267
    C                 3    1.3206186424      2  124.8115244267      1   55.0000000000
    H                 1    1.0755295547      2  121.4742546645      3  179.7988138310
    H                 1    1.0757515292      2  121.6546016034      3   -0.1249505652
    H                 2    1.0791580583      1  119.2097121526      3 -177.0042577494
    H                 3    1.0791580583      4  119.2097121526      2 -177.0042577494
    H                 4    1.0755295547      3  121.4742546645      2  179.7988138310
    H                 4    1.0757515292      3  121.6546016034      2   -0.1249505652

","0 1
 C    1.493527549332    0.500661708454   -0.465327972099
 C    0.739614467268    0.000000000000    0.496434221500
 C   -0.739614467268    0.000000000000    0.496434221500
 C   -1.493527549332   -0.500661708454   -0.465327972099
 H    2.567228536291    0.474610009380   -0.408307602693
 H    1.063991243536    0.954300909876   -1.341085580930
 H    1.211269828483   -0.403945579798    1.379016401065
 H   -1.211269828483    0.403945579798    1.379016401065
 H   -2.567228536291   -0.474610009380   -0.408307602693
 H   -1.063991243536   -0.954300909876   -1.341085580930
"
12,60,15.459625469201939,-154.9136003360495,"    units Angstrom
    0 1
    --
    0 1
    C           
    C                 1    1.3202569273
    C                 2    1.4802024023      1  124.7533157765
    C                 3    1.3202569273      2  124.7533157765      1   60.0000000000
    H                 1    1.0756074086      2  121.4868106182      3  179.4047226083
    H                 1    1.0757744122      2  121.6339175646      3   -0.7036528149
    H                 2    1.0793095804      1  119.2452527251      3 -176.5347332592
    H                 3    1.0793095804      4  119.2452527251      2 -176.5347332592
    H                 4    1.0756074086      3  121.4868106182      2  179.4047226083
    H                 4    1.0757744122      3  121.6339175646      2   -0.7036528149

","0 1
 C   -1.001639754869    1.232499693035   -0.454661849371
 C   -0.242564018889    0.699222771838    0.484751854188
 C    0.242564018889   -0.699222771838    0.484751854188
 C    1.001639754869   -1.232499693035   -0.454661849371
 H   -1.332436583397    2.254342080801   -0.396844117235
 H   -1.316839630112    0.667118543245   -1.313896264455
 H    0.014029201283    1.287563645178    1.352463849302
 H   -0.014029201283   -1.287563645178    1.352463849302
 H    1.332436583397   -2.254342080801   -0.396844117235
 H    1.316839630112   -0.667118543245   -1.313896264455
"
13,65,16.798166584965706,-154.9130905122785,"    units Angstrom
    0 1
    --
    0 1
    C           
    C                 1    1.3198950669
    C                 2    1.4813564517      1  124.7292486102
    C                 3    1.3198950669      2  124.7292486102      1   65.0000000000
    H                 1    1.0756730924      2  121.4906497254      3  179.0401652122
    H                 1    1.0758054217      2  121.6321496561      3   -1.2447835196
    H                 2    1.0794438237      1  119.2619529392      3 -176.1590051638
    H                 3    1.0794438237      4  119.2619529392      2 -176.1590051638
    H                 4    1.0756730924      3  121.4906497254      2  179.0401652122
    H                 4    1.0758054217      3  121.6321496561      2   -1.2447835196

","0 1
 C   -1.067153515236    1.195326576320   -0.442942328934
 C   -0.258516990001    0.694098840296    0.471935102406
 C    0.258516990001   -0.694098840296    0.471935102406
 C    1.067153515236   -1.195326576320   -0.442942328934
 H   -1.423539436588    2.208503671787   -0.383496134363
 H   -1.397097813289    0.612319015356   -1.284723921365
 H    0.014882737682    1.299182605507    1.323008068994
 H   -0.014882737682   -1.299182605507    1.323008068994
 H    1.423539436588   -2.208503671787   -0.383496134363
 H    1.397097813289   -0.612319015356   -1.284723921365
"
14,70,18.282403802701108,-154.91252519575104,"    units Angstrom
    0 1
    --
    0 1
    C           
    C                 1    1.3195564645
    C                 2    1.4826680225      1  124.7266023371
    C                 3    1.3195564645      2  124.7266023371      1   70.0000000000
    H                 1    1.0757215556      2  121.4878239879      3  178.7319565233
    H                 1    1.0758456681      2  121.6456815396      3   -1.7125546951
    H                 2    1.0795473408      1  119.2635061813      3 -175.9046533229
    H                 3    1.0795473408      4  119.2635061813      2 -175.9046533229
    H                 4    1.0757215556      3  121.4878239879      2  178.7319565233
    H                 4    1.0758456681      3  121.6456815396      2   -1.7125546951

","0 1
 C   -1.129623583963    1.157605950230   -0.430259699385
 C   -0.273873266846    0.688890085508    0.458124280653
 C    0.273873266846   -0.688890085508    0.458124280653
 C    1.129623583963   -1.157605950230   -0.430259699385
 H   -1.509455152147    2.162167709705   -0.368936650238
 H   -1.474847451218    0.556705142915   -1.253170753356
 H    0.017157766778    1.311914447564    1.290328608147
 H   -0.017157766778   -1.311914447564    1.290328608147
 H    1.509455152147   -2.162167709705   -0.368936650238
 H    1.474847451218   -0.556705142915   -1.253170753356
"
15,75,19.833166316354983,-154.9119345410574,"    units Angstrom
    0 1
    --
    0 1
    C           
    C                 1    1.3192615013
    C                 2    1.4841056334      1  124.7312020411
    C                 3    1.3192615013      2  124.7312020411      1   75.0000000000
    H                 1    1.0757474767      2  121.4805846688      3  178.5005859073
    H                 1    1.0758940220      2  121.6706061263      3   -2.0711263988
    H                 2    1.0796060749      1  119.2537213963      3 -175.7987072940
    H                 3    1.0796060749      4  119.2537213963      2 -175.7987072940
    H                 4    1.0757474767      3  121.4805846688      2  178.5005859073
    H                 4    1.0758940220      3  121.6706061263      2   -2.0711263988

","0 1
 C   -1.188851774872    1.119519387508   -0.416705308682
 C   -0.288518745893    0.683666085169    0.443459352709
 C    0.288518745893   -0.683666085169    0.443459352709
 C    1.188851774872   -1.119519387508   -0.416705308682
 H   -1.589776581307    2.115782347027   -0.353839987382
 H   -1.550168567751    0.500086120023   -1.218765499006
 H    0.021090949089    1.326032378807    1.254049667607
 H   -0.021090949089   -1.326032378807    1.254049667607
 H    1.589776581307   -2.115782347027   -0.353839987382
 H    1.550168567751   -0.500086120023   -1.218765499006
"
16,80,21.36349639392395,-154.91135166867355,"    units Angstrom
    0 1
    --
    0 1
    C           
    C                 1    1.3190297291
    C                 2    1.4856274985      1  124.7289400564
    C                 3    1.3190297291      2  124.7289400564      1   80.0000000000
    H                 1    1.0757447451      2  121.4709857709      3  178.3579079181
    H                 1    1.0759503711      2  121.7037967123      3   -2.2830225994
    H                 2    1.0796067806      1  119.2366986319      3 -175.8690501675
    H                 3    1.0796067806      4  119.2366986319      2 -175.8690501675
    H                 4    1.0757447451      3  121.4709857709      2  178.3579079181
    H                 4    1.0759503711      3  121.7037967123      2   -2.2830225994

","0 1
 C    1.244648429344    1.081299971051    0.402365281576
 C    0.302321557483    0.678508615979   -0.428067507420
 C   -0.302321557483   -0.678508615979   -0.428067507420
 C   -1.244648429344   -1.081299971051    0.402365281576
 H    1.664265439265    2.069787369322    0.338796538813
 H    1.623089580309    0.442369135261    1.180965874523
 H   -0.026900424777    1.341756296163   -1.213730413471
 H    0.026900424777   -1.341756296163   -1.213730413471
 H   -1.664265439265   -2.069787369322    0.338796538813
 H   -1.623089580309   -0.442369135261    1.180965874523
"
17,85,22.780632312615186,-154.91081190970044,"    units Angstrom
    0 1
    --
    0 1
    C           
    C                 1    1.3187294102
    C                 2    1.4872638295      1  124.6673857524
    C                 3    1.3187294102      2  124.6673857524      1   85.0000000000
    H                 1    1.0757567560      2  121.4523017211      3  178.2480576559
    H                 1    1.0760456052      2  121.7571241841      3   -2.2760182470
    H                 2    1.0794851893      1  119.2425858358      3 -176.1441751946
    H                 3    1.0794851893      4  119.2425858358      2 -176.1441751946
    H                 4    1.0757567560      3  121.4523017211      2  178.2480576559
    H                 4    1.0760456052      3  121.7571241841      2   -2.2760182470

","0 1
 C    1.296174505012    1.043129772847    0.387475854361
 C    0.314783921573    0.673720644888   -0.412184496195
 C   -0.314783921573   -0.673720644888   -0.412184496195
 C   -1.296174505012   -1.043129772847    0.387475854361
 H    1.732644304753    2.024325611479    0.324218931029
 H    1.693373301250    0.383169792431    1.138847989115
 H   -0.035348678091    1.359380556698   -1.168865354872
 H    0.035348678091   -1.359380556698   -1.168865354872
 H   -1.732644304753   -2.024325611479    0.324218931029
 H   -1.693373301250   -0.383169792431    1.138847989115
"
18,90,23.983982076568864,-154.91035357763482,"    units Angstrom
    0 1
    --
    0 1
    C           
    C                 1    1.3187104597
    C                 2    1.4884721795      1  124.6673667301
    C                 3    1.3187104597      2  124.6673667301      1   90.0000000000
    H                 1    1.0757176789      2  121.4504194624      3  178.3850518009
    H                 1    1.0761095321      2  121.7849805147      3   -2.1308662774
    H                 2    1.0794500583      1  119.1987988492      3 -176.6569395550
    H                 3    1.0794500583      4  119.1987988492      2 -176.6569395550
    H                 4    1.0757176789      3  121.4504194624      2  178.3850518009
    H                 4    1.0761095321      3  121.7849805147      2   -2.1308662774

","0 1
 C    1.345433964762    1.005492544072    0.371509109844
 C    0.326951280742    0.668573269936   -0.395417028410
 C   -0.326951280742   -0.668573269936   -0.395417028410
 C   -1.345433964762   -1.005492544072    0.371509109844
 H    1.795347053448    1.980708888292    0.310682969319
 H    1.761604522616    0.323980060258    1.092865142713
 H   -0.044854694652    1.378202169090   -1.118880621533
 H    0.044854694652   -1.378202169090   -1.118880621533
 H   -1.795347053448   -1.980708888292    0.310682969319
 H   -1.761604522616   -0.323980060258    1.092865142713
"
19,95,24.872022320152006,-154.9100153407137,"    units Angstrom
    0 1
    --
    0 1
    C           
    C                 1    1.3185863250
    C                 2    1.4894911445      1  124.6020481660
    C                 3    1.3185863250      2  124.6020481660      1   95.0000000000
    H                 1    1.0757324826      2  121.4410763226      3  178.6472340133
    H                 1    1.0762191418      2  121.8281329451      3   -1.7430120390
    H                 2    1.0793143599      1  119.1843224124      3 -177.4325826514
    H                 3    1.0793143599      4  119.1843224124      2 -177.4325826514
    H                 4    1.0757324826      3  121.4410763226      2  178.6472340133
    H                 4    1.0762191418      3  121.8281329451      2   -1.7430120390

","0 1
 C    1.390366469470    0.968429072680    0.354971100841
 C    0.337647277929    0.663807414170   -0.378280455797
 C   -0.337647277929   -0.663807414170   -0.378280455797
 C   -1.390366469470   -0.968429072680    0.354971100841
 H    1.851398978823    1.938748041607    0.299020248406
 H    1.826748336928    0.264037438947    1.041739572214
 H   -0.057113849456    1.398614794329   -1.063219324473
 H    0.057113849456   -1.398614794329   -1.063219324473
 H   -1.851398978823   -1.938748041607    0.299020248406
 H   -1.826748336928   -0.264037438947    1.041739572214
"
20,100,25.340407120448987,-154.90983694223019,"    units Angstrom
    0 1
    --
    0 1
    C           
    C                 1    1.3185579343
    C                 2    1.4901299308      1  124.5120472731
    C                 3    1.3185579343      2  124.5120472731      1  100.0000000000
    H                 1    1.0757199431      2  121.4346636334      3  179.1356689218
    H                 1    1.0763352974      2  121.8679010473      3   -1.1337388527
    H                 2    1.0791273877      1  119.1737238941      3 -178.4911932072
    H                 3    1.0791273877      4  119.1737238941      2 -178.4911932072
    H                 4    1.0757199431      3  121.4346636334      2  179.1356689218
    H                 4    1.0763352974      3  121.8679010473      2   -1.1337388527

","0 1
 C    1.431778911349    0.932312414922    0.337688216541
 C    0.347222546024    0.659210365660   -0.360701207216
 C   -0.347222546024   -0.659210365660   -0.360701207216
 C   -1.431778911349   -0.932312414922    0.337688216541
 H    1.901106711664    1.899075348708    0.289999207443
 H    1.888908902743    0.204276339098    0.985371252959
 H   -0.071344918742    1.420048813513   -1.001358722975
 H    0.071344918742   -1.420048813513   -1.001358722975
 H   -1.901106711664   -1.899075348708    0.289999207443
 H   -1.888908902743   -0.204276339098    0.985371252959
"
21,105,25.296860585617388,-154.90985352824188,"    units Angstrom
    0 1
    --
    0 1
    C           
    C                 1    1.3186798212
    C                 2    1.4902577240      1  124.4033535855
    C                 3    1.3186798212      2  124.4033535855      1  105.0000000000
    H                 1    1.0756493761      2  121.4341413234      3  179.8151116746
    H                 1    1.0764455647      2  121.8955750821      3   -0.3043800230
    H                 2    1.0789030132      1  119.1663626133      3 -179.7913902917
    H                 3    1.0789030132      4  119.1663626133      2 -179.7913902917
    H                 4    1.0756493761      3  121.4341413234      2  179.8151116746
    H                 4    1.0764455647      3  121.8955750821      2   -0.3043800230

","0 1
 C    1.469873180712    0.897363426830    0.319687815424
 C    0.355713078866    0.654740579569   -0.342654914859
 C   -0.355713078866   -0.654740579569   -0.342654914859
 C   -1.469873180712   -0.897363426830    0.319687815424
 H    1.945424714591    1.861498807385    0.283420930543
 H    1.947828505494    0.145280332058    0.923562620103
 H   -0.086703721051    1.441620257258   -0.933518232351
 H    0.086703721051   -1.441620257258   -0.933518232351
 H   -1.945424714591   -1.861498807385    0.283420930543
 H   -1.947828505494   -0.145280332058    0.923562620103
"
22,110,24.6776525277128,-154.91008937231376,"    units Angstrom
    0 1
    --
    0 1
    C           
    C                 1    1.3189159577
    C                 2    1.4896896474      1  124.2924150130
    C                 3    1.3189159577      2  124.2924150130      1  110.0000000000
    H                 1    1.0755585383      2  121.4398878351      3 -179.3892966798
    H                 1    1.0765498524      2  121.9121929366      3    0.6803268041
    H                 2    1.0786915424      1  119.1621505399      3  178.7841026856
    H                 3    1.0786915424      4  119.1621505399      2  178.7841026856
    H                 4    1.0755585383      3  121.4398878351      2 -179.3892966798
    H                 4    1.0765498524      3  121.9121929366      2    0.6803268041

","0 1
 C    1.504904345271    0.863689451008    0.300980576279
 C    0.363254691879    0.650261362988   -0.324018482611
 C   -0.363254691879   -0.650261362988   -0.324018482611
 C   -1.504904345271   -0.863689451008    0.300980576279
 H    1.985619829304    1.825575497199    0.278308413657
 H    2.002935685914    0.087999126984    0.857064103840
 H   -0.101736203813    1.462013111281   -0.861064113619
 H    0.101736203813   -1.462013111281   -0.861064113619
 H   -1.985619829304   -1.825575497199    0.278308413657
 H   -2.002935685914   -0.087999126984    0.857064103840
"
23,115,23.468389472189667,-154.9105499566349,"    units Angstrom
    0 1
    --
    0 1
    C           
    C                 1    1.3192263557
    C                 2    1.4883688152      1  124.1896862907
    C                 3    1.3192263557      2  124.1896862907      1  115.0000000000
    H                 1    1.0754746450      2  121.4509744789      3 -178.5412329134
    H                 1    1.0766432243      2  121.9225327292      3    1.7274695175
    H                 2    1.0785214682      1  119.1614787056      3  177.3547560721
    H                 3    1.0785214682      4  119.1614787056      2  177.3547560721
    H                 4    1.0754746450      3  121.4509744789      2 -178.5412329134
    H                 4    1.0766432243      3  121.9225327292      2    1.7274695175

","0 1
 C    1.537048626952    0.831403311764    0.281602387192
 C    0.369957412790    0.645710419034   -0.304720412179
 C   -0.369957412790   -0.645710419034   -0.304720412179
 C   -1.537048626952   -0.831403311764    0.281602387192
 H    2.022596308701    1.791001132246    0.273780385684
 H    2.053537839450    0.033406089973    0.787171333927
 H   -0.115235470335    1.480255383653   -0.785689356622
 H    0.115235470335   -1.480255383653   -0.785689356622
 H   -2.022596308701   -1.791001132246    0.273780385684
 H   -2.053537839450   -0.033406089973    0.787171333927
"
24,120,21.717685388880838,-154.91121676510807,"    units Angstrom
    0 1
    --
    0 1
    C           
    C                 1    1.3196050498
    C                 2    1.4864144202      1  124.1012047354
    C                 3    1.3196050498      2  124.1012047354      1  120.0000000000
    H                 1    1.0753829779      2  121.4677903604      3 -177.7303592247
    H                 1    1.0767104933      2  121.9214097956      3    2.7160945243
    H                 2    1.0783937750      1  119.1674759180      3  176.0661527668
    H                 3    1.0783937750      4  119.1674759180      2  176.0661527668
    H                 4    1.0753829779      3  121.4677903604      2 -177.7303592247
    H                 4    1.0767104933      3  121.9214097956      2    2.7160945243

","0 1
 C    1.566479554301    0.800672127799    0.261641566501
 C    0.375932122333    0.641117771191   -0.284706954946
 C   -0.375932122333   -0.641117771191   -0.284706954946
 C   -1.566479554301   -0.800672127799    0.261641566501
 H    2.057280518603    1.757497393598    0.268596653874
 H    2.098795697723   -0.017699741747    0.715747823791
 H   -0.126101279774    1.495675544126   -0.709708848970
 H    0.126101279774   -1.495675544126   -0.709708848970
 H   -2.057280518603   -1.757497393598    0.268596653874
 H   -2.098795697723    0.017699741747    0.715747823791
"
25,125,19.53217846440608,-154.91204918136236,"    units Angstrom
    0 1
    --
    0 1
    C           
    C                 1    1.3200246566
    C                 2    1.4840472699      1  124.0349853596
    C                 3    1.3200246566      2  124.0349853596      1  125.0000000000
    H                 1    1.0752826894      2  121.4892117149      3 -177.0513592585
    H                 1    1.0767485605      2  121.9093511007      3    3.5236642296
    H                 2    1.0783066820      1  119.1848629941      3  175.0540691546
    H                 3    1.0783066820      4  119.1848629941      2  175.0540691546
    H                 4    1.0752826894      3  121.4892117149      2 -177.0513592585
    H                 4    1.0767485605      3  121.9093511007      2    3.5236642296

","0 1
 C    1.593392481551    0.771667486740    0.241186629175
 C    0.381339534259    0.636536907385   -0.263919769009
 C   -0.381339534259   -0.636536907385   -0.263919769009
 C   -1.593392481551   -0.771667486740    0.241186629175
 H    2.090428846646    1.724968996760    0.261285008450
 H    2.138235788592   -0.064714859773    0.644916494106
 H   -0.133614929297    1.508017863229   -0.635521901156
 H    0.133614929297   -1.508017863229   -0.635521901156
 H   -2.090428846646   -1.724968996760    0.261285008450
 H   -2.138235788592    0.064714859773    0.644916494106
"
26,130,17.053769397465448,-154.9129931582352,"    units Angstrom
    0 1
    --
    0 1
    C           
    C                 1    1.3204496328
    C                 2    1.4815052559      1  123.9937410195
    C                 3    1.3204496328      2  123.9937410195      1  130.0000000000
    H                 1    1.0751840553      2  121.5132893295      3 -176.5624614890
    H                 1    1.0767628378      2  121.8910680927      3    4.0825839709
    H                 2    1.0782528129      1  119.2154367389      3  174.3833267256
    H                 3    1.0782528129      4  119.2154367389      2  174.3833267256
    H                 4    1.0751840553      3  121.5132893295      2 -176.5624614890
    H                 4    1.0767628378      3  121.8910680927      2    4.0825839709

","0 1
 C    1.617900602988    0.744564679732    0.220319013245
 C    0.386291774835    0.632054681593   -0.242356280655
 C   -0.386291774835   -0.632054681593   -0.242356280655
 C   -1.617900602988   -0.744564679732    0.220319013245
 H    2.122264970492    1.693619432771    0.250854457550
 H    2.171958438370   -0.107397522195    0.576125885630
 H   -0.137802692335    1.517561250684   -0.564586375508
 H    0.137802692335   -1.517561250684   -0.564586375508
 H   -2.122264970492   -1.693619432771    0.250854457550
 H   -2.171958438370    0.107397522195    0.576125885630
"
27,135,14.432137726539521,-154.91399168575813,"    units Angstrom
    0 1
    --
    0 1
    C           
    C                 1    1.3208523572
    C                 2    1.4789818911      1  123.9752311480
    C                 3    1.3208523572      2  123.9752311480      1  135.0000000000
    H                 1    1.0750943807      2  121.5384138567      3 -176.2841948568
    H                 1    1.0767588055      2  121.8702876568      3    4.3805504522
    H                 2    1.0782201502      1  119.2570913620      3  174.0569070575
    H                 3    1.0782201502      4  119.2570913620      2  174.0569070575
    H                 4    1.0750943807      3  121.5384138567      2 -176.2841948568
    H                 4    1.0767588055      3  121.8702876568      2    4.3805504522

","0 1
 C    1.640046878634    0.719534117687    0.199110652304
 C    0.390838030049    0.627767865417   -0.220063723222
 C   -0.390838030049   -0.627767865417   -0.220063723222
 C   -1.640046878634   -0.719534117687    0.199110652304
 H    2.152603071472    1.663825713983    0.236892364190
 H    2.200426610955   -0.145761939838    0.509991358703
 H   -0.139178823845    1.524833034325   -0.497399097118
 H    0.139178823845   -1.524833034325   -0.497399097118
 H   -2.152603071472   -1.663825713983    0.236892364190
 H   -2.200426610955    0.145761939838    0.509991358703
"
28,140,11.80951717369274,-154.9149905899266,"    units Angstrom
    0 1
    --
    0 1
    C           
    C                 1    1.3215372975
    C                 2    1.4768477226      1  123.9397058393
    C                 3    1.3215372975      2  123.9397058393      1  140.0000000000
    H                 1    1.0745505449      2  121.5495550882      3 -176.1365716058
    H                 1    1.0767294774      2  121.7398646483      3    4.4730984130
    H                 2    1.0779153939      1  119.3297263959      3  173.9362735618
    H                 3    1.0779153939      4  119.3297263959      2  173.9362735618
    H                 4    1.0745505449      3  121.5495550882      2 -176.1365716058
    H                 4    1.0767294774      3  121.7398646483      2    4.4730984130

","0 1
 C    1.659795243269    0.697047883225    0.177665186644
 C    0.394676249172    0.624099717398   -0.197319245749
 C   -0.394676249172   -0.624099717398   -0.197319245749
 C   -1.659795243269   -0.697047883225    0.177665186644
 H    2.180200192980    1.636188088592    0.220714419620
 H    2.222685867199   -0.180852205895    0.445605378756
 H   -0.139478751516    1.530390511516   -0.432302283715
 H    0.139478751516   -1.530390511516   -0.432302283715
 H   -2.180200192980   -1.636188088592    0.220714419620
 H   -2.222685867199    0.180852205895    0.445605378756
"
29,145,9.28576018303292,-154.91595183892443,"    units Angstrom
    0 1
    --
    0 1
    C           
    C                 1    1.3215296851
    C                 2    1.4744620226      1  123.9898566252
    C                 3    1.3215296851      2  123.9898566252      1  145.0000000000
    H                 1    1.0749529518      2  121.5871642307      3 -176.3210209969
    H                 1    1.0767155166      2  121.8309066759      3    4.2837814804
    H                 2    1.0781804522      1  119.3562740949      3  174.2975186179
    H                 3    1.0781804522      4  119.3562740949      2  174.2975186179
    H                 4    1.0749529518      3  121.5871642307      2 -176.3210209969
    H                 4    1.0767155166      3  121.8309066759      2    4.2837814804

","0 1
 C    1.677306588595    0.676280018366    0.155892543941
 C    0.398745501870    0.620089984379   -0.173599392438
 C   -0.398745501870   -0.620089984379   -0.173599392438
 C   -1.677306588595   -0.676280018366    0.155892543941
 H    2.207193297768    1.610577521307    0.198695581241
 H    2.244000298837   -0.209936548329    0.385663602438
 H   -0.136251104666    1.534573861430   -0.373526772121
 H    0.136251104666   -1.534573861430   -0.373526772121
 H   -2.207193297768   -1.610577521307    0.198695581241
 H   -2.244000298837    0.209936548329    0.385663602438
"
30,150,6.96675130834569,-154.91683510342455,"    units Angstrom
    0 1
    --
    0 1
    C           
    C                 1    1.3218635841
    C                 2    1.4726175229      1  124.0157611666
    C                 3    1.3218635841      2  124.0157611666      1  150.0000000000
    H                 1    1.0748852351      2  121.6094257476      3 -176.5970409235
    H                 1    1.0767038200      2  121.8164868408      3    3.9638239578
    H                 2    1.0781622316      1  119.4002209706      3  174.7485640104
    H                 3    1.0781622316      4  119.4002209706      2  174.7485640104
    H                 4    1.0748852351      3  121.6094257476      2 -176.5970409235
    H                 4    1.0767038200      3  121.8164868408      2    3.9638239578

","0 1
 C    1.692528211001    0.658310523003    0.133968394830
 C    0.402108345547    0.616813967609   -0.149612178820
 C   -0.402108345547   -0.616813967609   -0.149612178820
 C   -1.692528211001   -0.658310523003    0.133968394830
 H    2.230721134092    1.587849365784    0.175007228107
 H    2.260376724659   -0.235922284492    0.326807362559
 H   -0.133219006206    1.537859106169   -0.315546734761
 H    0.133219006206   -1.537859106169   -0.315546734761
 H   -2.230721134092   -1.587849365784    0.175007228107
 H   -2.260376724659    0.235922284492    0.326807362559
"
31,155,4.916180600734362,-154.9176161251493,"    units Angstrom
    0 1
    --
    0 1
    C           
    C                 1    1.3220691977
    C                 2    1.4710491534      1  124.0387314699
    C                 3    1.3220691977      2  124.0387314699      1  155.0000000000
    H                 1    1.0748457273      2  121.6295754841      3 -176.9675566665
    H                 1    1.0766652768      2  121.8009771377      3    3.4855731481
    H                 2    1.0781316946      1  119.4448901198      3  175.3817896833
    H                 3    1.0781316946      4  119.4448901198      2  175.3817896833
    H                 4    1.0748457273      3  121.6295754841      2 -176.9675566665
    H                 4    1.0766652768      3  121.8009771377      2    3.4855731481

","0 1
 C    1.705244938723    0.642963147030    0.111858895338
 C    0.404935818648    0.614022300678   -0.125260448661
 C   -0.404935818648   -0.614022300678   -0.125260448661
 C   -1.705244938723   -0.642963147030    0.111858895338
 H    2.250896009608    1.568242154691    0.149502012101
 H    2.273329024714   -0.257865556467    0.269960876515
 H   -0.129994277475    1.540354772929   -0.259892889137
 H    0.129994277475   -1.540354772929   -0.259892889137
 H   -2.250896009608   -1.568242154691    0.149502012101
 H   -2.273329024714    0.257865556467    0.269960876515
"
32,160,3.1843244503445463,-154.91827575481852,"    units Angstrom
    0 1
    --
    0 1
    C           
    C                 1    1.3221960637
    C                 2    1.4697851616      1  124.0671310072
    C                 3    1.3221960637      2  124.0671310072      1  160.0000000000
    H                 1    1.0748298263      2  121.6444543395      3 -177.4742706407
    H                 1    1.0766340920      2  121.7871475801      3    2.9060073038
    H                 2    1.0781293446      1  119.4953136180      3  176.1956433545
    H                 3    1.0781293446      4  119.4953136180      2  176.1956433545
    H                 4    1.0748298263      3  121.6444543395      2 -177.4742706407
    H                 4    1.0766340920      3  121.7871475801      2    2.9060073038

","0 1
 C    1.715650965316    0.630260857085    0.089663950778
 C    0.407337866422    0.611672271638   -0.100529978044
 C   -0.407337866422   -0.611672271638   -0.100529978044
 C   -1.715650965316   -0.630260857085    0.089663950778
 H    2.267807765138    1.551870280280    0.121571550640
 H    2.283535133896   -0.275871190285    0.214456786724
 H   -0.126907063814    1.542093743964   -0.206648412253
 H    0.126907063814   -1.542093743964   -0.206648412253
 H   -2.267807765138   -1.551870280280    0.121571550640
 H   -2.283535133896    0.275871190285    0.214456786724
"
33,165,1.8067678791750763,-154.91880043880292,"    units Angstrom
    0 1
    --
    0 1
    C           
    C                 1    1.3223372244
    C                 2    1.4688181846      1  124.0905101534
    C                 3    1.3223372244      2  124.0905101534      1  165.0000000000
    H                 1    1.0748096314      2  121.6572052422      3 -178.0422462714
    H                 1    1.0766141111      2  121.7763158507      3    2.2451880841
    H                 2    1.0781146292      1  119.5298441321      3  177.0707959262
    H                 3    1.0781146292      4  119.5298441321      2  177.0707959262
    H                 4    1.0748096314      3  121.6572052422      2 -178.0422462714
    H                 4    1.0766141111      3  121.7763158507      2    2.2451880841

","0 1
 C    1.723759798083    0.620323002725    0.067339804379
 C    0.409212633858    0.609837466186   -0.075599138851
 C   -0.409212633858   -0.609837466186   -0.075599138851
 C   -1.723759798083   -0.620323002725    0.067339804379
 H    2.281147854462    1.538966450934    0.092409972985
 H    2.291255813816   -0.289876597596    0.159983768029
 H   -0.124230398731    1.543440673781   -0.154051260430
 H    0.124230398731   -1.543440673781   -0.154051260430
 H   -2.281147854462   -1.538966450934    0.092409972985
 H   -2.291255813816    0.289876597596    0.159983768029
"
34,170,0.8077163490482926,-154.919180957722,"    units Angstrom
    0 1
    --
    0 1
    C           
    C                 1    1.3224404800
    C                 2    1.4681319459      1  124.1085012874
    C                 3    1.3224404800      2  124.1085012874      1  170.0000000000
    H                 1    1.0747976420      2  121.6663329398      3 -178.6653488820
    H                 1    1.0766000168      2  121.7680997424      3    1.5272419895
    H                 2    1.0781037503      1  119.5556580003      3  178.0139103613
    H                 3    1.0781037503      4  119.5556580003      2  178.0139103613
    H                 4    1.0747976420      3  121.6663329398      2 -178.6653488820
    H                 4    1.0766000168      3  121.7680997424      2    1.5272419895

","0 1
 C    1.729544845995    0.613186690114    0.044938052292
 C    0.410560426355    0.608517040826   -0.050493170679
 C   -0.410560426355   -0.608517040826   -0.050493170679
 C   -1.729544845995   -0.613186690114    0.044938052292
 H    2.290769111401    1.529658104147    0.062184572239
 H    2.296637165109   -0.299892637793    0.106257207155
 H   -0.122192964470    1.544357725539   -0.102297936452
 H    0.122192964470   -1.544357725539   -0.102297936452
 H   -2.290769111401   -1.529658104147    0.062184572239
 H   -2.296637165109    0.299892637793    0.106257207155
"
35,175,0.20261138277955074,-154.9194114302059,"    units Angstrom
    0 1
    --
    0 1
    C           
    C                 1    1.3225040081
    C                 2    1.4677206374      1  124.1196786339
    C                 3    1.3225040081      2  124.1196786339      1  175.0000000000
    H                 1    1.0747934328      2  121.6718237432      3 -179.3252598021
    H                 1    1.0765919668      2  121.7631528775      3    0.7730188609
    H                 2    1.0780972223      1  119.5714915202      3  179.0010266368
    H                 3    1.0780972223      4  119.5714915202      2  179.0010266368
    H                 4    1.0747934328      3  121.6718237432      2 -179.3252598021
    H                 4    1.0765919668      3  121.7631528775      2    0.7730188609

","0 1
 C    1.733011690202    0.608890035119    0.022485885844
 C    0.411370759660    0.607721207037   -0.025271166453
 C   -0.411370759660   -0.607721207037   -0.025271166453
 C   -1.733011690202   -0.608890035119    0.022485885844
 H    2.296578020424    1.524038744987    0.031246795481
 H    2.299815746260   -0.305906038505    0.053007497800
 H   -0.120923398885    1.544892437312   -0.051090434246
 H    0.120923398885   -1.544892437312   -0.051090434246
 H   -2.296578020424   -1.524038744987    0.031246795481
 H   -2.299815746260    0.305906038505    0.053007497800
"
36,180,0.0,-154.91948860086433,"    units Angstrom
    0 1
    --
    0 1
    C           
    C                 1    1.3225265015
    C                 2    1.4675811729      1  124.1229804282
    C                 3    1.3225265015      2  124.1229804282      1 -179.9999321665
    H                 1    1.0747984008      2  121.6737817339      3  179.9956465294
    H                 1    1.0765897876      2  121.7619294850      3    0.0024698200
    H                 2    1.0780946103      1  119.5764912088      3 -179.9901982612
    H                 3    1.0780946103      4  119.5764912088      2 -179.9901982612
    H                 4    1.0747984008      3  121.6737817339      2  179.9956465294
    H                 4    1.0765897876      3  121.7619294850      2    0.0024698200

","0 1
 C    1.734161792926    0.607457827020    0.000009733017
 C    0.411635291396    0.607457827020    0.000010381114
 C   -0.411635291396   -0.607457827020    0.000010381114
 C   -1.734161792926   -0.607457827020    0.000009733017
 H    2.298519375987    1.522166587156   -0.000059741558
 H    2.300868928036   -0.307904719879   -0.000030306728
 H   -0.120496108274    1.545074026059   -0.000149447219
 H    0.120496108274   -1.545074026059   -0.000149447219
 H   -2.298519375987   -1.522166587156   -0.000059741558
 H   -2.300868928036    0.307904719879   -0.000030306728
"
